Use Ferretodo;

INSERT INTO Clientes 
(nombre, apellido_paterno, apellido_materno, genero, contrasena, fecha_nacimiento, direccion, telefono, correo) 
VALUES
('Luis', 'Hernández', 'García', 'Masculino', 'pass1234', '1985-03-12', 'Av. Reforma 123, Oaxaca', '9511234567', 'lhernandez@gmail.com'),
('María', 'López', 'Martínez', 'Femenino', 'pass2345', '1990-07-22', 'Calle Morelos 45, Oaxaca', '9517654321', 'mlopez@yahoo.com'),
('Carlos', 'Pérez', 'Sánchez', 'Masculino', 'pass3456', '1982-11-05', 'Priv. Las Rosas 17, Oaxaca', '9513344556', 'cperez@hotmail.com'),
('Ana', 'Ramírez', 'Luna', 'Femenino', 'pass4567', '1995-06-18', 'Col. Centro 101, Oaxaca', '9519988776', 'aramirez@gmail.com'),
('Jorge', 'Torres', 'Morales', 'Masculino', 'pass5678', '1988-01-30', 'Av. Juárez 77, Oaxaca', '9515566778', 'jtorres@gmail.com'),
('Lucía', 'García', 'Ortiz', 'Femenino', 'pass6789', '1992-12-10', 'Calle Hidalgo 29, Oaxaca', '9512233445', 'lgarcia@yahoo.com'),
('Daniel', 'Martínez', 'Flores', 'Masculino', 'pass7890', '1987-09-25', 'Calle Independencia 66, Oaxaca', '9514455667', 'dmartinez@gmail.com'),
('Fernanda', 'Soto', 'Vargas', 'Femenino', 'pass8901', '1993-04-14', 'Av. Universidad 89, Oaxaca', '9511122334', 'fsoto@hotmail.com'),
('Ricardo', 'Vargas', 'Reyes', 'Masculino', 'pass9012', '1986-08-07', 'Fracc. Los Pinos 56, Oaxaca', '9516677889', 'rvargas@gmail.com'),
('Elena', 'Jiménez', 'Castillo', 'Femenino', 'pass0123', '1991-10-21', 'Calle Abasolo 34, Oaxaca', '9517788990', 'ejimenez@yahoo.com'),
('Gabriela', 'Ruiz', 'Navarro', 'Femenino', 'pass1235', '1989-02-11', 'Av. México 22, Oaxaca', '9513456789', 'gruiz@gmail.com'),
('Sergio', 'Mendoza', 'Díaz', 'Masculino', 'pass2346', '1983-07-08', 'Calle Libertad 91, Oaxaca', '9512345678', 'smendoza@hotmail.com'),
('Paola', 'Castro', 'Salgado', 'Femenino', 'pass3457', '1994-05-19', 'Col. Reforma 88, Oaxaca', '9518765432', 'pcastro@gmail.com'),
('Héctor', 'Salinas', 'Ortiz', 'Masculino', 'pass4568', '1985-11-02', 'Av. Universidad 11, Oaxaca', '9519876543', 'hsalinas@yahoo.com'),
('Isabel', 'Reyes', 'López', 'Femenino', 'pass5679', '1990-03-14', 'Calle Constitución 77, Oaxaca', '9515544332', 'ireyes@hotmail.com'),
('Oscar', 'Gómez', 'Ramírez', 'Masculino', 'pass6780', '1984-06-26', 'Col. Jardines 44, Oaxaca', '9512233441', 'ogomez@gmail.com'),
('Claudia', 'Navarro', 'Flores', 'Femenino', 'pass7891', '1992-08-30', 'Av. Benito Juárez 65, Oaxaca', '9516677881', 'cnavarro@yahoo.com'),
('Rodrigo', 'Díaz', 'Mendoza', 'Masculino', 'pass8902', '1987-12-15', 'Calle Nochebuena 12, Oaxaca', '9519988775', 'rdiaz@gmail.com'),
('Andrea', 'Ríos', 'Cruz', 'Femenino', 'pass9013', '1993-09-03', 'Col. Bugambilias 71, Oaxaca', '9511231231', 'arios@hotmail.com'),
('Esteban', 'Morales', 'González', 'Masculino', 'pass0124', '1986-01-20', 'Av. Las Palmas 33, Oaxaca', '9513213213', 'emorales@gmail.com'),
('Rebeca', 'Chávez', 'Pérez', 'Femenino', 'pass1236', '1991-11-27', 'Calle 5 de Mayo 48, Oaxaca', '9515557771', 'rchavez@yahoo.com'),
('Jonathan', 'Romero', 'Soto', 'Masculino', 'pass2347', '1989-04-09', 'Calle Constitución 88, Oaxaca', '9516549871', 'jromero@gmail.com'),
('Valeria', 'Silva', 'Vargas', 'Femenino', 'pass3458', '1995-07-13', 'Priv. Jacarandas 50, Oaxaca', '9518889990', 'vsilva@gmail.com'),
('David', 'Herrera', 'Castillo', 'Masculino', 'pass4569', '1983-02-18', 'Fracc. San José 15, Oaxaca', '9510001112', 'dherrera@hotmail.com'),
('Montserrat', 'Vega', 'Ortiz', 'Femenino', 'pass5670', '1990-06-07', 'Calle Galeana 89, Oaxaca', '9512349998', 'mvega@gmail.com'),
('Arturo', 'Paredes', 'Navarro', 'Masculino', 'pass6781', '1985-09-23', 'Col. Reforma 56, Oaxaca', '9517894561', 'aparedes@gmail.com'),
('Marina', 'Aguilar', 'López', 'Femenino', 'pass7892', '1993-12-12', 'Av. Central 12, Oaxaca', '9513698521', 'maguilar@hotmail.com'),
('Iván', 'Campos', 'Martínez', 'Masculino', 'pass8903', '1988-05-05', 'Calle Zaragoza 10, Oaxaca', '9517418529', 'icampos@yahoo.com'),
('Patricia', 'Fuentes', 'Reyes', 'Femenino', 'pass9014', '1991-08-30', 'Calle Independencia 101, Oaxaca', '9519632581', 'pfuentes@gmail.com'),
('Emilio', 'Bravo', 'Gómez', 'Masculino', 'pass0125', '1984-10-10', 'Fracc. Colinas 23, Oaxaca', '9518529637', 'ebravo@hotmail.com'),
('Rosa', 'Méndez', 'Ramírez', 'Femenino', 'pass1237', '1990-01-15', 'Col. Reforma 98, Oaxaca', '9514567890', 'rmendez@gmail.com'),
('Jazmín', 'Carrillo', 'Soto', 'Femenino', 'pass2348', '1994-03-21', 'Av. Insurgentes 14, Oaxaca', '9519517538', 'jcarrillo@yahoo.com'),
('Alonso', 'Villanueva', 'Vargas', 'Masculino', 'pass3459', '1987-07-27', 'Calle Victoria 8, Oaxaca', '9511472583', 'avillanueva@gmail.com'),
('Nadia', 'Romero', 'Ortiz', 'Femenino', 'pass4570', '1992-11-19', 'Calle Libertad 45, Oaxaca', '9512581473', 'nromero@hotmail.com'),
('Martín', 'Torres', 'González', 'Masculino', 'pass5671', '1983-04-06', 'Col. Oaxaca Centro 10, Oaxaca', '9513571597', 'mtorres@gmail.com'),
('Lourdes', 'Peña', 'Castillo', 'Femenino', 'pass6782', '1991-09-28', 'Av. Universidad 5, Oaxaca', '9519514562', 'lpena@gmail.com'),
('Bruno', 'Estrada', 'Flores', 'Masculino', 'pass7893', '1986-02-13', 'Calle Matamoros 23, Oaxaca', '9518527412', 'bestrada@hotmail.com'),
('Ximena', 'Flores', 'Pérez', 'Femenino', 'pass8904', '1990-05-22', 'Col. San Felipe 31, Oaxaca', '9517539518', 'xflores@gmail.com'),
('Sebastián', 'Molina', 'Vargas', 'Masculino', 'pass9015', '1988-08-16', 'Calle Azucenas 42, Oaxaca', '9519511597', 'smolina@yahoo.com');


Use Ferretodo;
INSERT INTO Ventas (id_cliente, fecha, total) VALUES
(1, '2024-01-01', 1200.50),
(2, '2024-01-02', 850.75),
(3, '2024-01-03', 432.00),
(4, '2024-01-04', 1500.00),
(5, '2024-01-05', 980.25),
(6, '2024-01-06', 675.00),
(7, '2024-01-07', 1230.10),
(8, '2024-01-08', 890.00),
(9, '2024-01-09', 450.30),
(10, '2024-01-10', 980.40);

Use Ferretodo;
INSERT INTO Ventas (id_cliente, fecha, total) VALUES
(11, '2024-01-11', 1120.00),
(12, '2024-01-12', 730.50),
(13, '2024-01-13', 640.00),
(14, '2024-01-14', 1330.75),
(15, '2024-01-15', 770.00),
(16, '2024-01-16', 820.00),
(17, '2024-01-17', 590.00),
(18, '2024-01-18', 980.00),
(19, '2024-01-19', 1400.00),
(20, '2024-01-20', 670.00),

(21, '2024-01-21', 1150.00),
(22, '2024-01-22', 900.00),
(23, '2024-01-23', 710.00),
(24, '2024-01-24', 1050.00),
(25, '2024-01-25', 600.00),
(26, '2024-01-26', 980.00),
(27, '2024-01-27', 700.00),
(28, '2024-01-28', 760.00),
(29, '2024-01-29', 800.00),
(30, '2024-01-30', 1200.00),

(31, '2024-02-01', 680.00),
(32, '2024-02-02', 810.00),
(33, '2024-02-03', 560.00),
(34, '2024-02-04', 940.00),
(35, '2024-02-05', 830.00),
(36, '2024-02-06', 620.00),
(37, '2024-02-07', 700.00),
(38, '2024-02-08', 970.00),
(39, '2024-02-09', 990.00);

(40, '2024-02-10', 850.00),

(41, '2024-02-11', 760.00),
(42, '2024-02-12', 640.00),
(43, '2024-02-13', 810.00),
(44, '2024-02-14', 920.00),
(45, '2024-02-15', 700.00),
(46, '2024-02-16', 880.00),
(47, '2024-02-17', 930.00),
(48, '2024-02-18', 580.00),
(49, '2024-02-19', 780.00),
(50, '2024-02-20', 640.00),

(51, '2024-02-21', 850.00),
(52, '2024-02-22', 910.00),
(53, '2024-02-23', 720.00),
(54, '2024-02-24', 610.00),
(55, '2024-02-25', 1000.00),
(56, '2024-02-26', 830.00),
(57, '2024-02-27', 660.00),
(58, '2024-02-28', 900.00),
(59, '2024-02-29', 950.00),
(60, '2024-03-01', 860.00),

(61, '2024-03-02', 730.00),
(62, '2024-03-03', 670.00),
(63, '2024-03-04', 780.00),
(64, '2024-03-05', 840.00),
(65, '2024-03-06', 900.00),
(66, '2024-03-07', 770.00),
(67, '2024-03-08', 880.00),
(68, '2024-03-09', 930.00),
(69, '2024-03-10', 820.00),
(70, '2024-03-11', 810.00),

(71, '2024-03-12', 700.00),
(72, '2024-03-13', 850.00),
(73, '2024-03-14', 790.00),
(74, '2024-03-15', 880.00),
(75, '2024-03-16', 950.00),
(76, '2024-03-17', 760.00),
(77, '2024-03-18', 820.00),
(78, '2024-03-19', 900.00),
(79, '2024-03-20', 870.00),
(80, '2024-03-21', 780.00),

(81, '2024-03-22', 720.00),
(82, '2024-03-23', 670.00),
(83, '2024-03-24', 810.00),
(84, '2024-03-25', 900.00),
(85, '2024-03-26', 930.00),
(86, '2024-03-27', 880.00),
(87, '2024-03-28', 740.00),
(88, '2024-03-29', 800.00),
(89, '2024-03-30', 690.00),
(90, '2024-03-31', 770.00),

(91, '2024-04-01', 850.00),
(92, '2024-04-02', 920.00),
(93, '2024-04-03', 830.00),
(94, '2024-04-04', 770.00),
(95, '2024-04-05', 780.00),
(96, '2024-04-06', 900.00),
(97, '2024-04-07', 960.00),
(98, '2024-04-08', 890.00);


Use Ferretodo;
INSERT INTO Categoriasproductos (id_categoria, nombre_categoria) VALUES
(1, 'Herramientas manuales'),
(2, 'Herramientas eléctricas'),
(3, 'Fontanería'),
(4, 'Electricidad'),
(5, 'Pinturas'),
(6, 'Fijaciones'),
(7, 'Jardinería');

Use Ferretodo;
INSERT INTO Productos (nombre, descripcion, precio, stock, id_categoria) VALUES
('Martillo de acero 500g', 'Martillo con mango ergonómico antideslizante', 150.00, 50, 1),
('Destornillador Phillips #2', 'Punta imantada, mango de goma', 80.00, 100, 1),
('Alicates de corte diagonal', 'Corte preciso para alambres y cables', 120.00, 70, 1),
('Llave ajustable 10"', 'Ajuste rápido para tuercas y pernos', 200.00, 40, 1),
('Cinta métrica 5m', 'Cinta metálica con traba automática', 90.00, 120, 1),
('Serrucho de 20"', 'Hoja de acero templado para corte en madera', 180.00, 30, 1),
('Nivel láser 60cm', 'Nivelador con línea láser horizontal y vertical', 350.00, 25, 1),
('Juego de llaves hexagonales', '6 piezas en tamaños estándar', 70.00, 80, 1),
('Cincel de acero templado', 'Para trabajos en metal y madera', 45.00, 150, 1),
('Pala recta', 'Pala de acero para excavación', 220.00, 20, 1),
('Mazo de goma 2kg', 'Golpeo sin dañar superficies', 130.00, 40, 1),
('Cortador de vidrio', 'Rueda de tungsteno para cortes precisos', 95.00, 60, 1),
('Sierra para metales', 'Hoja de carburo de tungsteno', 110.00, 45, 1),
('Pelacables automático', 'Ajuste para diferentes calibres', 85.00, 90, 1),
('Llave Stillson 14"', 'Para tuberías y conexiones de fontanería', 280.00, 35, 1),

-- Herramientas eléctricas (id_categoria = 2)
('Taladro percutor 750W', 'Velocidad variable y función de percusión', 600.00, 15, 2),
('Sierra caladora 500W', 'Corte curvo en madera y plástico', 450.00, 20, 2),
('Pulidora orbital', 'Para acabados en autos y muebles', 700.00, 10, 2),
('Rotomartillo SDS Plus', 'Para hormigón y mampostería', 850.00, 8, 2),
('Lijadora de banda', 'Lijado rápido en superficies grandes', 550.00, 12, 2),
('Soldadora inversora 200A', 'Para soldadura MMA y TIG', 1200.00, 5, 2),
('Cepillo eléctrico para madera', 'Cepillado de superficies con ajuste de profundidad', 480.00, 18, 2),
('Hidrolavadora 1500PSI', 'Limpieza profunda con agua a presión', 900.00, 7, 2),
('Esmeriladora angular 4.5"', 'Corte y desbaste de metal', 300.00, 25, 2),
('Fresadora de mano', 'Para ranurado y molduras en madera', 650.00, 10, 2),
('Grapadora eléctrica', 'Para grapas de 6 a 14mm', 250.00, 30, 2),
('Cortadora de cerámica', 'Corte preciso en azulejos y losas', 400.00, 15, 2),
('Atornillador inalámbrico 12V', 'Compacto para trabajos ligeros', 350.00, 40, 2),
('Aspiradora de taller 20L', 'Aspiración de virutas y polvo', 500.00, 9, 2),
('Dremel multiusos', 'Herramienta rotativa con accesorios', 400.00, 20, 2),

-- Fontanería (id_categoria = 3)
('Tubo PVC 1/2" (6m)', 'Tubo para agua fría y caliente', 50.00, 200, 3),
('Válvula de compuerta 1"', 'Cierre hermético para tuberías', 180.00, 60, 3),
('Codo PVC 90° 3/4"', 'Conexión para cambio de dirección', 15.00, 300, 3),
('Bomba sumergible 1HP', 'Para pozos y cisternas', 1200.00, 8, 3),
('Junta tórica de goma', 'Sellado para conexiones hidráulicas', 5.00, 500, 3),
('Llave para lavabo', 'Monomando con mezclador', 450.00, 25, 3),
('Fregadero de acero inoxidable', '60x45cm con dos cubetas', 800.00, 12, 3),
('Cinta teflón para roscas', 'Sellador anti-fugas', 10.00, 150, 3),
('Trampa P para desagüe', 'Sifón plástico 2"', 90.00, 50, 3),
('Reductor PVC 1" a 3/4"', 'Adaptador para tuberías', 20.00, 100, 3),
('Terma eléctrica 30L', 'Calentador de agua instantáneo', 1500.00, 6, 3),
('Purificador de agua', 'Filtro de carbón activado', 600.00, 18, 3),
('Llave de paso 3/4"', 'Cierre manual para tuberías', 120.00, 70, 3),
('Manguera flexible 1m', 'Para conexiones de gas', 80.00, 90, 3),
('Caja de registro PVC', 'Acceso para instalaciones ocultas', 45.00, 120, 3),

-- Electricidad (id_categoria = 4)
('Cable eléctrico 12AWG (50m)', 'Cobre flexible, 600V', 250.00, 80, 4),
('Interruptor simple', 'Interruptor de pared blanco', 25.00, 150, 4),
('Tubo conduit 20mm', 'Protección para cables eléctricos', 40.00, 200, 4),
('Breaker bipolar 20A', 'Protección contra sobrecargas', 150.00, 50, 4),
('Portalámparas E27', 'Base roscada para focos estándar', 20.00, 300, 4),
('Foco LED 12W', 'Equivalente a 100W, luz cálida', 50.00, 200, 4),
('Caja de conexiones', 'Para empalmes eléctricos', 30.00, 180, 4),
('Tomacorriente doble', 'Enchufe estándar con polo a tierra', 45.00, 120, 4),
('Cinta aislante negra', 'Protección contra cortocircuitos', 15.00, 250, 4),
('Multímetro digital', 'Medición de voltaje, corriente y resistencia', 300.00, 30, 4),
('Guantes dieléctricos', 'Protección hasta 1000V', 200.00, 40, 4),
('Cautín de 40W', 'Para soldadura de componentes', 120.00, 60, 4),
('Organizador de cables', 'Bandas ajustables de velcro', 25.00, 150, 4),
('Sensor de movimiento', 'Encendido automático con detección', 180.00, 35, 4),
('Batería 9V recargable', 'Para dispositivos electrónicos', 80.00, 90, 4),

-- Pinturas (id_categoria = 5)
('Pintura blanca mate 4L', 'Cubrimiento para interiores', 300.00, 30, 5),
('Rodillo de felpa 20cm', 'Para aplicación de pintura suave', 50.00, 80, 5),
('Brocha plana 4"', 'Cerdas sintéticas para pinturas al agua', 35.00, 100, 5),
('Lija al agua #220', 'Granulado fino para acabados', 10.00, 200, 5),
('Barniz transparente 1L', 'Protección para maderas', 150.00, 40, 5),
('Pintura en aerosol negra', 'Secado rápido para metales', 70.00, 60, 5),
('Cinta de enmascarar 48mm', 'Protección de bordes al pintar', 25.00, 150, 5),
('Espátula metálica 3"', 'Para masillas y selladores', 30.00, 90, 5),
('Kit de texturizado', 'Efecto piedra para paredes', 200.00, 25, 5),
('Pintura antigrasa', 'Para cocinas y áreas contaminadas', 400.00, 15, 5),
('Rodillo de espuma', 'Para pinturas de alto brillo', 45.00, 70, 5),
('Sellador acrílico 5L', 'Impermeabilizante para exteriores', 250.00, 20, 5),
('Pincel angular 2"', 'Para bordes y detalles', 40.00, 100, 5),
('Pintura pizarra negra 1L', 'Superficie escribible con tiza', 180.00, 35, 5),
('Guantes de látex', 'Protección para manos al pintar', 15.00, 200, 5),

-- Fijaciones (id_categoria = 6)
('Tornillos para madera #8x2"', 'Paquete de 100 unidades', 50.00, 200, 6),
('Clavos de acero 2"', 'Paquete de 500 unidades', 30.00, 300, 6),
('Anclajes plásticos 10x60mm', 'Para paredes de concreto', 20.00, 400, 6),
('Tuercas y arandelas M6', 'Paquete de 50 unidades', 25.00, 250, 6),
('Pernos de acero inoxidable', 'Resistente a la corrosión', 80.00, 150, 6),
('Grapas para grapadora', 'Paquete de 1000 unidades', 15.00, 500, 6),
('Soportes para estantes', 'Soporte metálico de 20cm', 45.00, 120, 6),
('Cinta adhesiva de doble cara', 'Fijación temporal de objetos', 25.00, 180, 6),
('Tornillos autorroscantes #12', 'Paquete de 50 unidades', 40.00, 200, 6),
('Abrazaderas de plástico', 'Paquete de 100 unidades', 10.00, 300, 6),
('Pegamento epóxico 50g', 'Adhesivo de dos componentes', 60.00, 80, 6),
('Sierra para metales', 'Hoja de carburo de tungsteno', 110.00, 45, 6),
('Tarugos de nylon 8mm', 'Para montaje en paredes huecas', 15.00, 250, 6),
('Cinta métrica 5m', 'Cinta metálica con traba automática', 90.00, 120, 6),
('Remaches pop 4mm', 'Paquete de 100 unidades', 35.00, 150, 6),

-- Jardinería (id_categoria = 7)
('Manguera de jardín 15m', 'Resistente a torceduras', 250.00, 40, 7),
('Podadora de césped manual', 'Cuchillas de acero templado', 180.00, 25, 7),
('Guantes de jardinería', 'Protección con agarre antideslizante', 50.00, 80, 7),
('Tijeras para podar', 'Para ramas de hasta 2cm de grosor', 120.00, 60, 7),
('Rastrillo de metal', 'Recolección de hojas y desechos', 90.00, 70, 7),
('Semillas de pasto Bermuda', 'Cubrimiento rápido para jardines', 30.00, 150, 7),
('Regadera plástica 5L', 'Pico largo para riego preciso', 70.00, 50, 7),
('Cortasetos eléctrico', 'Para setos y arbustos', 600.00, 10, 7),
('Fertilizante 10-10-10', 'Nutrientes balanceados para plantas', 150.00, 30, 7),
('Carretilla de jardín', 'Capacidad 100L, estructura metálica', 450.00, 15, 7),
('Pala de punta redonda', 'Para cavado y trasplantes', 110.00, 35, 7),
('Aspersor oscilante', 'Riego uniforme para áreas grandes', 130.00, 25, 7),
('Maceta de barro 30cm', 'Drenaje natural para raíces', 80.00, 60, 7),
('Tierra abonada 20kg', 'Mezcla para huertos y jardines', 50.00, 100, 7),
('Cortadora de césped a gasolina', 'Motor 140cc, ancho de corte 40cm', 2000.00, 5, 7);




USE Ferretodo;

INSERT INTO Empleados (nombre, cargo, telefono, correo, apellido_paterno, apellido_materno, genero, contrasena, fecha_nacimiento) VALUES
('Juan', 'Administrador', '555-1234', 'juan.perez@mail.com', 'Pérez', 'Gómez', 'Masculino', 'pass1234', '1980-01-01'),
('Ana', 'Empleado', '555-5678', 'ana.lopez@mail.com', 'López', 'Ramírez', 'Femenino', 'admin2023', '1985-03-12'),
('Luis', 'Administrador', '555-8765', 'luis.martinez@mail.com', 'Martínez', 'Santos', 'Masculino', 'gerente01', '1975-07-19'),
('María', 'Empleado', '555-4321', 'maria.garcia@mail.com', 'García', 'Fernández', 'Femenino', 'conta2023', '1990-05-25'),
('Carlos', 'Administrador', '555-1111', 'carlos.rodriguez@mail.com', 'Rodríguez', 'Díaz', 'Masculino', 'tec1234', '1988-08-08'),
('Sofía', 'Empleado', '555-2222', 'sofia.morales@mail.com', 'Morales', 'Vargas', 'Femenino', 'design01', '1992-11-11'),
('Miguel', 'Administrador', '555-3333', 'miguel.torres@mail.com', 'Torres', 'Hernández', 'Masculino', 'ventas22', '1983-02-20'),
('Laura', 'Empleado', '555-4444', 'laura.ramirez@mail.com', 'Ramírez', 'Gutiérrez', 'Femenino', 'admin001', '1987-04-30'),
('Pedro', 'Administrador', '555-5555', 'pedro.sanchez@mail.com', 'Sánchez', 'Flores', 'Masculino', 'gerente123', '1978-12-15'),
('Elena', 'Empleado', '555-6666', 'elena.mendez@mail.com', 'Méndez', 'Castillo', 'Femenino', 'conta456', '1991-06-06'),

('Jorge', 'Administrador', '555-7777', 'jorge.rivas@mail.com', 'Rivas', 'Lopez', 'Masculino', 'tec789', '1986-09-17'),
('Marta', 'Empleado', '555-8888', 'marta.gonzalez@mail.com', 'González', 'Ortiz', 'Femenino', 'design789', '1993-10-22'),
('Raúl', 'Administrador', '555-9999', 'raul.castro@mail.com', 'Castro', 'Perez', 'Masculino', 'venta789', '1982-01-28'),
('Patricia', 'Empleado', '555-1010', 'patricia.nunez@mail.com', 'Núñez', 'Sosa', 'Femenino', 'admin789', '1989-07-07'),
('Andrés', 'Administrador', '555-1212', 'andres.vargas@mail.com', 'Vargas', 'Delgado', 'Masculino', 'gerente789', '1977-03-03'),
('Isabel', 'Empleado', '555-1313', 'isabel.cortes@mail.com', 'Cortés', 'Molina', 'Femenino', 'conta789', '1994-08-18'),
('Diego', 'Administrador', '555-1414', 'diego.silva@mail.com', 'Silva', 'Reyes', 'Masculino', 'tec456', '1985-05-05'),
('Gabriela', 'Empleado', '555-1515', 'gabriela.martin@mail.com', 'Martín', 'Fernández', 'Femenino', 'design456', '1990-12-12'),
('Ricardo', 'Administrador', '555-1616', 'ricardo.rojas@mail.com', 'Rojas', 'Cruz', 'Masculino', 'ventas456', '1984-04-04'),
('Verónica', 'Empleado', '555-1717', 'veronica.galvez@mail.com', 'Gálvez', 'Luna', 'Femenino', 'admin456', '1988-09-09'),

('Héctor', 'Administrador', '555-1818', 'hector.moreno@mail.com', 'Moreno', 'Salazar', 'Masculino', 'gerente456', '1976-06-06'),
('Natalia', 'Empleado', '555-1919', 'natalia.rodriguez@mail.com', 'Rodríguez', 'Mendoza', 'Femenino', 'conta123', '1991-03-03'),
('Sergio', 'Administrador', '555-2020', 'sergio.villanueva@mail.com', 'Villanueva', 'Paredes', 'Masculino', 'tec123', '1983-11-11'),
('Claudia', 'Empleado', '555-2121', 'claudia.soto@mail.com', 'Soto', 'Navarro', 'Femenino', 'design123', '1992-02-02'),
('Francisco', 'Administrador', '555-2223', 'francisco.garcia@mail.com', 'García', 'Lopez', 'Masculino', 'venta123', '1980-10-10'),
('Alejandra', 'Empleado', '555-2323', 'alejandra.ramirez@mail.com', 'Ramírez', 'Flores', 'Femenino', 'admin123', '1987-05-05'),
('Javier', 'Administrador', '555-2424', 'javier.cruz@mail.com', 'Cruz', 'Jimenez', 'Masculino', 'gerente123', '1979-08-08'),
('Sandra', 'Empleado', '555-2525', 'sandra.vargas@mail.com', 'Vargas', 'Santos', 'Femenino', 'conta321', '1993-01-01'),
('Alberto', 'Administrador', '555-2626', 'alberto.rodriguez@mail.com', 'Rodríguez', 'Flores', 'Masculino', 'tec321', '1986-04-04'),
('Lorena', 'Empleado', '555-2727', 'lorena.perez@mail.com', 'Pérez', 'Garcia', 'Femenino', 'design321', '1990-09-09'),

('Mario', 'Administrador', '555-2828', 'mario.martinez@mail.com', 'Martínez', 'Hernandez', 'Masculino', 'venta321', '1983-07-07'),
('Lucía', 'Empleado', '555-2929', 'lucia.lopez@mail.com', 'López', 'Ramirez', 'Femenino', 'admin321', '1985-12-12'),
('Raquel', 'Administrador', '555-3030', 'raquel.sanchez@mail.com', 'Sánchez', 'Flores', 'Femenino', 'gerente321', '1978-02-02'),
('Fernando', 'Empleado', '555-3131', 'fernando.gomez@mail.com', 'Gómez', 'Navarro', 'Masculino', 'conta654', '1982-06-06'),
('Cecilia', 'Administrador', '555-3232', 'cecilia.fernandez@mail.com', 'Fernández', 'Lopez', 'Femenino', 'tec654', '1991-10-10'),
('Joaquín', 'Empleado', '555-3333', 'joaquin.mendoza@mail.com', 'Mendoza', 'Pérez', 'Masculino', 'design654', '1989-03-03'),
('Mónica', 'Administrador', '555-3434', 'monica.castillo@mail.com', 'Castillo', 'Gomez', 'Femenino', 'venta654', '1990-07-07'),
('Esteban', 'Empleado', '555-3535', 'esteban.rivas@mail.com', 'Rivas', 'Diaz', 'Masculino', 'admin654', '1987-11-11'),
('Diana', 'Administrador', '555-3636', 'diana.soto@mail.com', 'Soto', 'Cruz', 'Femenino', 'gerente654', '1979-05-05'),
('Pablo', 'Empleado', '555-3737', 'pablo.lopez@mail.com', 'López', 'Fernandez', 'Masculino', 'conta987', '1984-08-08'),
('Natalia', 'Administrador', '555-3838', 'natalia.delgado@mail.com', 'Delgado', 'Mora', 'Femenino', 'tec987', '1992-09-09'),
('Raúl', 'Empleado', '555-3939', 'raul.martinez@mail.com', 'Martínez', 'Vargas', 'Masculino', 'venta987', '1985-12-12'),
('Camila', 'Administrador', '555-4040', 'camila.rodriguez@mail.com', 'Rodríguez', 'Jiménez', 'Femenino', 'admin987', '1988-06-06'),
('Hugo', 'Empleado', '555-4141', 'hugo.sanchez@mail.com', 'Sánchez', 'Ortiz', 'Masculino', 'gerente987', '1977-11-11'),
('Isabel', 'Administrador', '555-4242', 'isabel.perez@mail.com', 'Pérez', 'Ramírez', 'Femenino', 'conta987', '1991-03-03'),
('Javier', 'Empleado', '555-4343', 'javier.gomez@mail.com', 'Gómez', 'Castillo', 'Masculino', 'tec654', '1986-08-08'),
('Mariana', 'Administrador', '555-4445', 'mariana.lopez@mail.com', 'López', 'Fernández', 'Femenino', 'design654', '1990-10-10'),
('Óscar', 'Empleado', '555-4545', 'oscar.rivas@mail.com', 'Rivas', 'Diaz', 'Masculino', 'ventas123', '1984-05-05'),
('Paola', 'Administrador', '555-4646', 'paola.gonzalez@mail.com', 'González', 'Mendoza', 'Femenino', 'admin123', '1989-12-12'),
('Quintín', 'Empleado', '555-4747', 'quintin.martinez@mail.com', 'Martínez', 'Flores', 'Masculino', 'gerente321', '1978-04-04'),

('Raquel', 'Administrador', '555-4848', 'raquel.castro@mail.com', 'Castro', 'Salazar', 'Femenino', 'conta321', '1992-01-01'),
('Samuel', 'Empleado', '555-4949', 'samuel.nunez@mail.com', 'Núñez', 'Guzmán', 'Masculino', 'tec321', '1987-07-07'),
('Teresa', 'Administrador', '555-5050', 'teresa.vargas@mail.com', 'Vargas', 'Castillo', 'Femenino', 'design321', '1991-11-11'),
('Ulises', 'Empleado', '555-5151', 'ulises.flores@mail.com', 'Flores', 'García', 'Masculino', 'ventas321', '1983-03-03'),
('Valeria', 'Administrador', '555-5252', 'valeria.moreno@mail.com', 'Moreno', 'López', 'Femenino', 'admin654', '1986-08-08'),
('Walter', 'Empleado', '555-5353', 'walter.mendoza@mail.com', 'Mendoza', 'Ramírez', 'Masculino', 'gerente654', '1979-05-05'),
('Ximena', 'Administrador', '555-5454', 'ximena.rodriguez@mail.com', 'Rodríguez', 'Pérez', 'Femenino', 'conta654', '1993-02-02'),
('Yahir', 'Empleado', '555-5556', 'yahir.gonzalez@mail.com', 'González', 'Fernández', 'Masculino', 'tec123', '1985-09-09'),
('Zoe', 'Administrador', '555-5656', 'zoe.castro@mail.com', 'Castro', 'Vargas', 'Femenino', 'design123', '1990-06-06'),
('Alan', 'Empleado', '555-5757', 'alan.soto@mail.com', 'Soto', 'Ramírez', 'Masculino', 'ventas123', '1982-12-12'),

('Brenda', 'Administrador', '555-5858', 'brenda.lopez@mail.com', 'López', 'González', 'Femenino', 'admin123', '1988-03-03'),
('César', 'Empleado', '555-5959', 'cesar.flores@mail.com', 'Flores', 'Pérez', 'Masculino', 'gerente123', '1977-08-08'),
('Dulce', 'Administrador', '555-6060', 'dulce.martinez@mail.com', 'Martínez', 'Salazar', 'Femenino', 'conta123', '1992-10-10'),
('Emilio', 'Empleado', '555-6161', 'emilio.vargas@mail.com', 'Vargas', 'Gómez', 'Masculino', 'tec123', '1983-04-04'),
('Fabiana', 'Administrador', '555-6262', 'fabiana.lopez@mail.com', 'López', 'Fernández', 'Femenino', 'design123', '1990-01-01'),
('Gustavo', 'Empleado', '555-6363', 'gustavo.sanchez@mail.com', 'Sánchez', 'Ramírez', 'Masculino', 'ventas123', '1985-07-07'),
('Helena', 'Administrador', '555-6464', 'helena.ramos@mail.com', 'Ramos', 'Pérez', 'Femenino', 'admin123', '1989-09-09'),
('Ignacio', 'Empleado', '555-6565', 'ignacio.castro@mail.com', 'Castro', 'Mendoza', 'Masculino', 'gerente123', '1978-02-02'),
('Jacqueline', 'Administrador', '555-6667', 'jacqueline.lopez@mail.com', 'López', 'Castillo', 'Femenino', 'conta123', '1991-05-05'),
('Kevin', 'Empleado', '555-6767', 'kevin.garcia@mail.com', 'García', 'Flores', 'Masculino', 'tec123', '1986-12-12'),

('Luz', 'Administrador', '555-6868', 'luz.rodriguez@mail.com', 'Rodríguez', 'Soto', 'Femenino', 'design123', '1990-03-03'),
('Manuel', 'Empleado', '555-6969', 'manuel.gonzalez@mail.com', 'González', 'Ramírez', 'Masculino', 'ventas123', '1983-09-09'),
('Nora', 'Administrador', '555-7070', 'nora.moreno@mail.com', 'Moreno', 'Pérez', 'Femenino', 'admin123', '1988-11-11'),
('Orlando', 'Empleado', '555-7171', 'orlando.torres@mail.com', 'Torres', 'Castillo', 'Masculino', 'gerente123', '1977-06-06'),
('Paula', 'Administrador', '555-7272', 'paula.lopez@mail.com', 'López', 'Fernández', 'Femenino', 'conta123', '1992-07-07'),
('Ramón', 'Empleado', '555-7373', 'ramon.santos@mail.com', 'Santos', 'Mendoza', 'Masculino', 'tec123', '1984-01-01'),
('Silvia', 'Administrador', '555-7474', 'silvia.ramirez@mail.com', 'Ramírez', 'González', 'Femenino', 'design123', '1991-04-04');